,precision,recall,f1-score,support
0,0.9998663734305838,0.9751975309759342,0.9873778934442753,552445.0
1,0.10233228511530398,0.95593635250918,0.18487394957983194,1634.0
accuracy,0.9751407290296149,0.9751407290296149,0.9751407290296149,0.9751407290296149
macro avg,0.5510993292729439,0.9655669417425571,0.5861259215120536,554079.0
weighted avg,0.9972195113399663,0.9751407290296149,0.9850112788563292,554079.0
