Feature,Importance
type_TRANSFER,0.0257421739633505
Destination,0.029409233876555793
type_CASH_OUT,0.03159495744514184
amount,0.06322073291664293
day,0.06520877192645201
step,0.0786687380009652
oldbalanceOrg,0.09819667349974186
hour,0.09960018055667758
oldbalanceDest,0.1626820038689324
trans_weight,0.1685805561400005
newbalanceDest,0.17709597780553932
