type,isFraud,average_amount,max_amount,min_amount,unique_recipient,unique_customer
CASH_IN,0,168920.24200409636,1915267.9,0.04,446789,1398845
CASH_OUT,0,173917.1557513889,2847566.62,0.01,488215,2232246
CASH_OUT,1,1455102.5859645286,10000000.0,0.0,4091,4116
DEBIT,0,5483.6653137671365,569077.51,0.55,38533,41432
PAYMENT,0,13057.604660187451,238637.98,0.02,2150401,2150401
TRANSFER,0,906229.0078121525,92445516.64,2.6,233686,528744
TRANSFER,1,1480891.6729338542,10000000.0,63.8,4097,4097
